3,тысяча
6,миллион
9,миллиард
12,триллион
15,квадриллион
18,квинтиллион
21,секстиллион
24,септиллион
27,октиллион
30,нониллион
33,дециллион
36,ундециллион
39,дуодециллион
42,тредециллион
45,кватуордециллион
48,квиндециллион
51,сексдециллион
54,септендециллион
57,октодециллион
60,новемдециллион
63,вигинтиллион
66,унвигинтиллион
69,дуовигинтиллион
72,тревигинтиллион
75,кватуорвигинтиллион
78,квинвигинтиллион
81,сексвигинтиллион
84,септенвигинтиллион
87,октовигинтиллион
90,новемвигинтиллион
93,тригинтиллион
96,унтригинтиллион
99,дуотригинтиллион
102,третригинтиллион
105,кватортригинтиллион
108,квинтригинтиллион
111,секстригинтиллион
114,септентригинтиллион
117,октотригинтиллион
120,новемтригинтиллион
123,квадрагинтиллион
126,унквадрагинтиллион
129,дуоквадрагинтиллион
132,треквадрагинтиллион
135,кваторквадрагинтиллион
138,квинквадрагинтиллион
141,сексквадрагинтиллион
144,септенквадрагинтиллион
147,октоквадрагинтиллион
150,новемквадрагинтиллион
153,квинквагинтиллион
156,унквинкагинтиллион
159,дуоквинкагинтиллион
162,треквинкагинтиллион
165,кваторквинкагинтиллион
168,квинквинкагинтиллион
171,сексквинкагинтиллион
174,септенквинкагинтиллион
177,октоквинкагинтиллион
180,новемквинкагинтиллион
183,сексагинтиллион
186,унсексагинтиллион
189,дуосексагинтиллион
192,тресексагинтиллион
195,кваторсексагинтиллион
198,квинсексагинтиллион
201,секссексагинтиллион
204,септенсексагинтиллион
207,октосексагинтиллион
210,новемсексагинтиллион
213,септагинтиллион
216,унсептагинтиллион
219,дуосептагинтиллион
222,тресептагинтиллион
225,кваторсептагинтиллион
228,квинсептагинтиллион
231,секссептагинтиллион
234,септенсептагинтиллион
237,октосептагинтиллион
240,новемсептагинтиллион
243,октогинтиллион
246,уноктогинтиллион
249,дуооктогинтиллион
252,треоктогинтиллион
255,кватороктогинтиллион
258,квиноктогинтиллион
261,сексоктогинтиллион
264,септоктогинтиллион
267,октооктогинтиллион
270,новемоктогинтиллион
273,нонагинтиллион
276,уннонагинтиллион
279,дуононагинтиллион
282,тренонагинтиллион
285,кваторнонагинтиллион
288,квиннонагинтиллион
291,секснонагинтиллион
294,септеннонагинтиллион
297,октононагинтиллион
300,новемнонагинтиллион
303,центиллион